{
  "title": "nbake blog",
  "items": [
    {
      "title": "What Makes Good UI",
      "created": "April 25, 2017",
      "date_published": "2017-04-25T17:00:00-08:00",
      "content_html": "In this article, we talk about what makes good UI.",
      "image": "assets/img/light768.jpg",
      "author": {
        "name": "Wolfgang Gehner",
        "avatar": "/assets/img/wolf.jpg"
      },
      "tags": [
        "design",
        "management",
        "pug"
      ],
      "id": "20170425_what_makes_good_ui"
    },
    {
      "title": "What Makes A Good Manager",
      "created": "May 28, 2017",
      "date_published": "2017-05-28T15:00:00-08:00",
      "content_html": "In this article, we talk about what makes a good manager.",
      "image": "assets/img/beach768.jpg",
      "author": {
        "name": "Vic Cekvenich",
        "avatar": "/assets/img/vic.jpg"
      },
      "tags": [
        "management"
      ],
      "id": "20170528_what_makes_a_good_manager"
    },
    {
      "title": "What Makes Great UX",
      "created": "November 25, 2017",
      "date_published": "2017-11-25T13:00:00-08:00",
      "content_html": "In this article, we talk about what makes a great User Experience.",
      "image": "assets/img/city768.jpg",
      "author": {
        "name": "Wolfgang Gehner",
        "avatar": "/assets/img/wolf.jpg"
      },
      "tags": [
        "design",
        "management",
        "trinity"
      ],
      "id": "20171125_what_makes_great_ux"
    },
    {
      "title": "What Makes Great Software",
      "created": "December 31, 2017",
      "date_published": "2017-12-31T11:00:00-08:00",
      "content_html": "In this article, we talk about what makes great software.",
      "image": "assets/img/beach768.jpg",
      "author": {
        "name": "Vic Cekvenich",
        "avatar": "/assets/img/vic.jpg"
      },
      "tags": [
        "management",
        "development",
        "trinity"
      ],
      "id": "20171231_what_makes_great_software"
    },
    {
      "title": "What Makes Great UI",
      "created": "February 2, 2018",
      "date_published": "2018-02-02T09:00:00-08:00",
      "content_html": "In this article, we talk about what makes great UI.",
      "image": "assets/img/city768.jpg",
      "author": {
        "name": "Wolfgang Gehner",
        "avatar": "/assets/img/wolf.jpg"
      },
      "tags": [
        "design",
        "development",
        "trinity"
      ],
      "id": "20180202_what_makes_great_ui"
    },
    {
      "title": "What Makes Really Great UI",
      "created": "April 25, 2018",
      "date_published": "2018-04-25T07:00:00-08:00",
      "content_html": "In this article, we talk about what makes really great UI.",
      "image": "assets/img/light768.jpg",
      "author": {
        "name": "Wolfgang Gehner",
        "avatar": "/assets/img/wolf.jpg"
      },
      "tags": [
        "design",
        "development",
        "trinity"
      ],
      "id": "20180425_what_makes_really_great_ui"
    }
  ]
}